{
  "a_player": 0.8933137195666033,
  "b_team": 4.423634964934523,
  "g_own": 72.03375734170532,
  "calib_slates": [
    "06282026",
    "06052026"
  ],
  "note": "round-11 kernel covariance fit"
}